,Embedding,Texto,Keywords Pregunta
0,[-0.02986  -0.0064   -0.03687  ... -0.006424 -0.0265    0.002005],,¿En qué continente habita la oropéndola cabecinegra (Oriolus brachyrynchus)?
1,[-0.01978  0.01616 -0.05283 ... -0.01409  0.02647  0.02437],"Shanghái[6]​ (en chino, 上海; pinyin, ; en shanghainés, ) es la ciudad más poblada de China y una de las más pobladas del mundo. Administrativamente, es uno de los cuatro municipios a nivel central. Cuenta con más de 24 millones de habitantes.[7]​ Situada en la China del Este, Shanghái yace en el delta del río Yangtsé, centrada en la costa del mar de la China Oriental y es administrada al máximo nivel con la categoría de municipio de control directo.[8]​
El área donde se sitúa la ciudad fue colonizada y asentada por los refugiados que huían de los mongoles hacia el 960-1126 d. C. Antiguamente se dedicaba a la pesca y textiles pero su importancia creció en el siglo XIX debido a su localización estratégica como puerto de mar, a la imposición occidental de abrirse al tráfico internacional establecida por el Tratado de Nankín en 1842 y a la ocupación de su territorio por medio de la «Concesión Internacional de Shanghái» a favor de catorce potencias extranjeras.[9]​ 
Shanghái fue floreciendo como eje comercial entre China y las potencias coloniales y como nodo financiero y comercial a partir de 1930.[10]​ La población occidental comenzó a abandonar la zona a comienzos de la guerra del Pacífico en 1941 hasta que finalmente, tras la revolución y guerra civil, en 1949 la actividad de Shanghái se redujo considerablemente dejando de recibir inversión extranjera. Con las reformas económicas durante la década de 1990, Shanghái experimentó un espectacular crecimiento financiero y turístico, siendo sede de numerosas empresas multinacionales y vanguardistas rascacielos. Actualmente es el mayor puerto del mundo por volumen de mercancías.[11]​
La ciudad es un destino turístico por sus monumentos como el Bund, el Templo del Dios de la Ciudad, los rascacielos del Pudong y como centro cosmopolita de la cultura y el diseño.[12]​[13]​Actualmente Shanghái es descrita habitualmente como la «pieza estrella» de la economía de mayor crecimiento del mundo[14]​ inmersa en una competición con Cantón y el área urbana del río Perla, por convertirse en la mayor urbe de China.
Administrativamente, Shanghái es una de las cuatro municipalidades de la República Popular China administradas directamente por el gobierno central del país. Shanghái es la capital económica de China. Ocupa una superficie de 6340 km². El dialecto local es el shanghainés, una variedad de chino wu (吳語, wúyǔ).[15]​La gastronomía china (中国飲食 Zhōngguó yǐnshí) es una de las más ricas debido a la antigua tradición culinaria del país, y está muy ampliamente representada en el mundo.[cita requerida] Se puede decir que originariamente procede de diferentes regiones de China, que se ha expandido a otras partes del mundo — desde el sureste de Asia pasando por el continente americano hasta toda Europa. 
La moda china está íntimamente relacionada no solo con la sociedad, sino también con la filosofía y la medicina chinas. Distingue entre el cai (verduras cocinadas y por extensión todo lo que acompaña los cereales) y los cereales en sí, el fan. Los alimentos yin (femeninos) son alimentos tiernos y ricos en agua como las frutas y las verduras, y tienen un efecto refrescante. Los alimentos yang (masculinos) incluyen los platos fritos, especiados y a base de carnes, y sirven para recalentar. Si toda comida tiene que armonizar los sabores, las comidas chinas tienen también que buscar un equilibrio entre lo frío y lo caliente, los colores y la consistencia de los diversos alimentos. Por ello las técnicas culinarias chinas son numerosas y particularmente variadas.
La sucesión de platos tal y como se conoce en los países occidentales es sustituida por la búsqueda del equilibrio entre los cinco sabores básicos (dulce, salado, ácido, amargo y picante). Por ello, los platos con sabor exclusivamente dulce solo se ofrecen al final de los festines dados con motivo de grandes celebraciones. La vista también desempeña un papel importante en la presentación de los platos. Algunos platos se sirven con fines esencialmente terapéuticos, como los nidos de golondrinas o las aletas de tiburones que son ingredientes insípidos. El concepto de la complementariedad entre lo frío y lo caliente, heredado de la medicina china, se toma particularmente en cuenta en la gastronomía del sur de este país.
Existen numerosos estilos regionales, religiosos y étnicos de cocina china dentro y fuera del país. La cocina china es muy diversa y se suele clasificar en divisiones provinciales, aunque estas clasificaciones provinciales constan de muchos más estilos dentro de sí mismas. Las Cuatro Grandes Tradiciones más alabadas de la cocina china son Chuan, Lu, Yue y Huaiyang, que representan las cocinas del oeste, norte, sur y este de China, respectivamente.[1]​ Las ocho cocinas modernas de China son Anhui (徽菜; Huīcài), Guangdong (粤菜; Yuècài), Fujian (闽菜; Mǐncài), Hunan (湘菜; Xiāngcài), Jiangsu (苏菜; Sūcài), Shandong (鲁菜; Lǔcài), Sichuan (川菜; Chuāncài) y Zhejiang (浙菜; Zhècài).[2]​",¿Qué provincia de China al sur de Shanghai es famosa por su cocina ?
2,[-0.02986  -0.0064   -0.03687  ... -0.006424 -0.0265    0.002005],,¿En qué siglos vivió el conde sueco Carl Löwenheim?
3,[-0.05716  -0.01794  -0.0923   ... -0.02025  -0.006622  0.01403 ],"Este artículo trata sobre las Tarjetas flash, para la definición estándar de televisión, véase SD (definición estándar)

Secure Digital (SD) es un dispositivo en formato de tarjeta de memoria para dispositivos portátiles, por ejemplo: cámaras digitales (fotográficas o videograbadoras), teléfonos móviles, teléfonos inteligentes, computadoras portátiles y videoconsolas (de sobremesa y portátiles), tabletas y entre muchos otros. Inicialmente compitió y coexistió con otros formatos, y actualmente es uno de los formatos más comunes y utilizados en dispositivos portátiles y en computadoras y reproductores de música portátiles o domésticos, destacando principalmente por la velocidad a diferencia de sus predecesores.
El estándar SD fue desarrollado por SanDisk, Panasonic y Toshiba, e introducido en 1999 como una mejora evolutiva de las tarjetas MMC. El estándar es mantenido por la Asociación de Tarjetas SD en la que participan varios fabricantes[1]​ y fue implementado en más de 400 marcas de productos, cubriendo docenas de categorías y en más de 8000 modelos.
El formato SD incluye cinco versiones de tarjetas, disponibles en tres tamaños. Las cinco familias son:

“Standard Capacity” (SDSC), la original, «capacidad estándar».
“High Capacity” (SDHC), «alta capacidad».
“Extended Capacity” (SDXC), «capacidad extendida».
“Input/Output” (SDIO), «entrada/salida».
“Ultra Capacity” (SDUC), «Ultra Capacidad».
Los tres tamaños son:

SD estándar original.
miniSD.
microSD.
Este tamaño microSD es muy utilizado en tabletas y teléfonos móviles. Por medio de adaptadores pasivos eléctricamente es posible utilizar tarjetas en ranuras más grandes.
Los dispositivos con ranuras SD pueden utilizar tarjetas MMC, que son más finas, pero las tarjetas SD no caben en las ranuras MMC. Asimismo, se pueden utilizar en las ranuras de CompactFlash o de PC Card con un adaptador. Sus variantes miniSD y microSD se pueden utilizar, también directamente, en ranuras SD mediante un adaptador. Las normales tienen forma de ם. Hay algunas tarjetas SD que tienen un conector USB integrado con un doble propósito, y hay lectores que permiten que las tarjetas SD sean accesibles por medio de muchos puertos de conectividad como USB, FireWire y el puerto paralelo común. Las tarjetas SD también son accesibles mediante una disquetera usando un adaptador FlashPath.",¿Qué significa la abreviatura IOMMU?
4,[-0.03174 -0.03293 -0.01599 ...  0.00511 -0.02713  0.00742],"Chancelor Jonathan Bennett (Chicago, Illinois, 16 de abril de 1993), más conocido por su nombre artístico, Chance the Rapper, es un rapero, cantante, compositor estadounidense, y productor del barrio de West Chatham, Chicago, Illinois.[1]​ 
En 2013 comenzó a obtener reconocimiento luego de la publicación de su segundo mixtape: Acid Rap. Además de su carrera solista, es miembro del colectivo de Chicago SaveMoney (junto a su frecuente colaborador Vic Mensa). Trabajó como vocalista líder para la banda The Social Experiment, que publicó el álbum Surf en mayo de 2015. 
En mayo de 2016, Bennett lanzó su tercer mixtape, Coloring Book para aclamación de la crítica. Por este mixtape ganó tres premios Grammy, incluido el de Mejor Álbum de Rap. Coloring Book fue el primer álbum exclusivamente en streaming que recibió y ganó una nominación al Grammy.[2]​ Su álbum de estudio debut, The Big Day, fue lanzado el 26 de julio de 2019.Acid Rap es el nombre del segundo álbum de estudio del rapero estadounidense Chance the Rapper.[1]​ Acid rap fue lanzado el 30 de abril de 2013 en CD, en forma digital fue lanzado hasta julio de 2013. El álbum debutó en el número 63 en el Top R&B/Hip-Hop Álbumes, por a las descargas de Bootleg en iTunes y Amazon,[2]​ Fue certificado Diamante en Datpiff por obtener más de 1 millón de descargas.[3]​",¿Cuál es el nombre real del rapero conocido como Chance the Rapper?
5,[-0.004265  -0.04736   -0.015236  ...  0.0009737 -0.01227    0.00493  ],"White Collar es una serie de televisión de USA Network creada por Jeff Eastin, protagonizada por Matthew Bomer como el convicto Neal Caffrey y Tim DeKay como el gente especial Peter Burke. Se estrenó el 23 de octubre de 2009. En diciembre de 2009, White Collar fue renovada para una segunda temporada estrenada el 13 de julio de 2010. Hubo un receso hasta enero de 2011.[1]​ El 27 de septiembre de 2010, USA Network renovó White Collar para una tercera temporada con 16 nuevos episodios.[2]​ El 26 de agosto de 2011, se anunció la renovación para una cuarta temporada, nuevamente con 16 episodios.[3]​ La serie fue renovada para una quinta temporada el 25 de septiembre de 2012,[4]​ que se estrenó el 17 de octubre de 2013 y consta de 13 episodios.[5]​[6]​ El 20 de marzo de 2014, la serie fue renovada para una sexta y última temporada de seis episodios,[7]​ que fue estrenada el 6 de noviembre de 2014.[8]​White Collar Blue, es un drama policíaco australiano que comenzó sus transmisiones el 12 de agosto del 2002 por medio de la cadena Network Ten y terminó sus transmisiones el 22 de diciembre del 2003.
La serie siguió a la estación de policía Kingsway, una división de la policía que trabaja en la ciudad de Sídney.
El programa fue creada por Steve Knapman y Kris Wyld, y contó con la participación invitada de actores como Jason Clarke, Lachy Hulme, Grant Bowler, Wil Traval, Brendan Cowell, Anthony Hayes, Toby Schmitz, Ryan Johnson, Tim Campbell, Anna Torv, Wayne Pygram, Matthew Le Nevez, Maeve Dermody, entre otros...",¿Cuántas temporadas tiene la serie de televisión estadounidense White Collar?
6,[ 0.0071   -0.02383  -0.02274  ...  0.001252 -0.04495  -0.003653],"David John Franco (Palo Alto, California; 12 de junio de 1985) es un actor y cineasta estadounidense. Comenzó su carrera con pequeños papeles en películas como Superbad (2007) y Charlie St. Cloud (2010). Después de un papel protagónico en la novena temporada de la serie de comedia Scrubs, Franco tuvo su gran éxito cinematográfico con un papel secundario en la película de comedia de amigos 21 Jump Street (2012). 
Franco también ha protagonizado Fright Night (2011), Now You See Me (2013) y su secuela Now You See Me 2 (2016), Neighbors (2014) y su secuela Neighbors 2: Sorority Rising (2016), Nerve (2016), The Disaster Artist (2017) y Day Shift (2022). En 2020, hizo su debut como director con The Rental, protagonizada por su esposa Alison Brie .James Edward Franco (Palo Alto, California; 19 de abril de 1978) es un actor y director de cine estadounidense.[1]​[2]​
Inició su trabajo interpretativa a finales de la década de 1990, con apariciones en series televisivas como Freaks and Geeks y en películas de adolescentes. En 2001 interpretó el papel de James Dean en la película homónima, actuación que fue premiada con un Globo de Oro al mejor actor de miniserie o telefilme.[3]​
Alcanzó la fama internacional por su papel de Harry Osborn en la primera trilogía de Spider-Man. A partir de entonces, sus participaciones en películas han sido muy variadas, incluyendo la película de guerra The Great Raid (2005), el drama romántico Tristán e Isolda, y la película dramática Annapolis (2006), dirigida por Justin Lin, entre otras. 
En 2008 interpretó a Saul Silver en la comedia Pineapple Express, película que le mereció una nominación a los Premios Globo de Oro en la categoría al mejor actor de comedia o musical. Ese mismo año tuvo un papel importante en la película biográfica Milk, donde interpretó a la pareja del político y activista gay Harvey Milk. 
En 2011 fue nominado a los Premios Óscar por su papel de actor principal en la película 127 horas.[4]​ En 2017, la película The Disaster Artist, producida, dirigida y protagonizada por Franco, fue galardonada con la Concha de Oro del Festival Internacional de Cine de San Sebastián.[5]​ También ganó el Globo de Oro al mejor actor Comedia o musical y estuvo nominada al Oscar al mejor guion adaptado",¿Cuántos premios ha ganado Dave Franco por actuaciones en su carrera como actor?
7,[-0.04126    0.0097    -0.04645   ...  0.0005436 -0.02254   -0.04138  ],"El primer caso de la pandemia de COVID-19 en el Perú fue anunciado el 6 de marzo de 2020,[2]​ y la transmisión comunitaria fue confirmada el 15 de marzo,[3]​ mientras que el primer fallecimiento fue reportado dos días después.[4]​ El brote se extendió a todo el país, con Ucayali siendo el último departamento en reportar su primer caso el 12 de abril.[5]​ En julio de 2020, se confirmó que indígenas sharanahuas en la provincia de Purús habían sido contagiados, convirtiéndose en la última provincia del país en declarar tener presencia infectados.[6]​ Desde finales de abril de 2020, los contagios aumentaron y el Perú se convirtió en el segundo país con más casos en América Latina y el quinto en el mundo.[7]​[8]​ El 26 de agosto de 2020, el Perú alcanzó el mayor índice de mortalidad per cápita y el noveno país con mayor cantidad de muertes totales.[9]​ Con más de 200 000 muertos, el evento fue el más mortífero de la historia del Perú, cobrándose más vidas que la época del terrorismo.[10]​
El 15 de marzo de 2020, el gobierno declaró estado de emergencia y aislamiento social obligatorio a nivel nacional por 15 días,[11]​ lo que se extendió varias veces hasta fines de junio.[12]​ En junio, se cambió la cuarentena general por un aislamiento social focalizado y se flexibilizó la inmovilización social obligatoria.[13]​ Esta medida se extendió varias veces hasta septiembre, con nuevos departamentos y provincias entrando en aislamiento focalizado. En enero de 2021, comenzó la segunda ola, con algunas regiones regresando a la cuarentena total. El 4 de enero de 2022, se oficializó el inicio de la tercera ola, que tuvo picos muy superiores de contagios a comparación de las dos anteriores. El 26 de junio de 2022 se oficializó el inicio de la cuarta ola[14]​ y el 2 de diciembre la quinta ola.[15]​La pandemia de COVID-19, conocida también como pandemia de coronavirus, es una pandemia derivada de la enfermedad causada por el virus SARS-CoV-2.[8]​[9]​ Inicialmente fue llamada «neumonía de Wuhan», puesto que los primeros casos fueron identificados en diciembre de 2019 en la ciudad china de Wuhan,[10]​[11]​ al reportarse casos de un grupo de personas enfermas con un tipo de neumonía desconocida. La mayoría de los afectados tenía vinculación con trabajadores del Mercado mayorista de mariscos de Huanan.[12]​ La Organización Mundial de la Salud (OMS) la declaró una emergencia de salud pública de importancia internacional el 30 de enero de 2020, condición que mantuvo hasta el 5 de mayo de 2023, cuando la OMS decretó el fin de la emergencia sanitaria.[13]​ El curso de la enfermedad se encuentra en endémico, debido a que ya no se reportan casos con tanta frecuencia como en sus primeros años.[14]​
Semanas antes de la declaración del fin de la emergencia de salud pública de importancia internacional, algunos países ya habían iniciado la transición de su enfoque de salud pública hacia la consideración del SARS-CoV-2 como un virus endémico.[15]​[16]​
Para el 8 de agosto de 2023 se habían contabilizado más de 692 millones de casos de la enfermedad en 260 países y territorios, y 6.97 millones de fallecidos. Por otra parte, para enero de 2023 se han alcanzado las 5294 millones de personas vacunadas con al menos una dosis, un 66% de la población mundial. La OMS estima que al menos el 10% de la población mundial ya se había contagiado de esta enfermedad (unas 780 millones de personas infectadas aproximadamente), debido al gran subregistro de casos a nivel mundial.[17]​[18]​
El virus se transmite generalmente de persona a persona a través de pequeñas gotas de saliva, conocidas como gotas de Flügge, que se emiten al hablar, estornudar, toser o respirar.[19]​[20]​[21]​ También está documentada la transmisión por aerosoles (< 5 μm). Se difunde principalmente cuando las personas están en contacto cercano, pero también se puede difundir al tocar una superficie contaminada y luego llevar las manos contaminadas a la cara o las mucosas. Su período de incubación suele ser de cinco días, pero puede variar de dos hasta catorce días.[22]​[23]​ Los síntomas más comunes son fiebre, tos seca y dificultades para respirar.[22]​ Las complicaciones pueden incluir neumonía, síndrome respiratorio agudo o sepsis.[24]​[25]​[26]​ En la Organización Mundial del Comercio (OMC), un grupo de 99 países en vías de desarrollo liderados por India y Sudáfrica, con el apoyo de ONG como Médicos sin Fronteras, pidieron la suspensión temporal de las patentes de las vacunas contra la COVID-19 mientras dure la pandemia. A este pedido se oponen, entre otros países, la mayoría de los miembros de la Unión Europea, Estados Unidos y Brasil.[27]​[28]​[29]​[30]​[31]​
Las medidas de prevención recomendadas incluyen lavarse las manos, cubrirse la boca al toser, el distanciamiento físico entre las personas y el uso de máscaras faciales, además del autoaislamiento y el seguimiento para las personas sospechosas de estar infectadas.[20]​ La edad (> 65 años) así como la presencia de enfermedades crónicas como la diabetes, cardiopatías, enfermedades respiratorias, hipertensión arterial o inmunodeficiencias son factores de riesgo que incrementan la probabilidad de contraer la enfermedad y de llegar a tener complicaciones graves, por lo que se aconseja el confinamiento domiciliario tanto como sea posible.[32]​
Asimismo, se ha confirmado que otros animales —como venados,[33]​ perros, gatos, tigres, leones y murciélagos— pueden contraer COVID-19 al igual que los seres humanos. Aún está en estudio si los animales también deberían tomar las mismas medidas de distanciamiento que los seres humanos para evitar su propagación.[34]​[35]​ Para evitar la expansión del virus, los gobiernos han impuesto restricciones de viajes, cuarentenas, confinamientos, cancelación de eventos y el cierre de establecimientos.[cita requerida]
La pandemia tuvo un efecto socioeconómico disruptivo.[36]​ Durante 2020 y parte de 2021 se cerraron colegios y universidades en más de 124 países, lo que afectó a más de 2200 millones de estudiantes.[37]​ Aproximadamente un tercio de la población mundial fue confinada y se impusieron fuertes restricciones a la libertad de circulación,[38]​ lo cual condujo a una reducción drástica de la actividad económica[39]​ y a un aumento paralelo del desempleo.[40]​ Se han desatado maniobras de desinformación y teorías conspirativas sobre el virus,[41]​[42]​ así como algunos incidentes de xenofobia y racismo contra ciudadanos chinos y de otros países del este y sudeste asiático.[43]​ Debido a la reducción de los viajes y al cierre de numerosas empresas, ha habido un descenso en la contaminación atmosférica.[44]​[45]​
La OMS dio por finalizada la COVID-19 el 5 de mayo de 2023.[46]​ La enfermedad ha seguido circulando, pero a partir de 2024, los expertos no estaban seguros de si seguía siendo una pandemia.[47]​  Las pandemias y sus finales no están bien definidos, y si una ha terminado o no difiere según la definición utilizada. A 27 de octubre de 2024, COVID-19 ha causado 7.071.311 muertes confirmadas. La pandemia COVID-19 es la quinta pandemia o epidemia más mortífera de la historia.",¿Qué relación tienen las protestas en Perú ocurridas a inicios de 2022 con la pandemia del covid-19?
8,[ 3.305e-02  4.208e-02 -7.793e-03 ...  1.508e-05 -8.072e-03  1.276e-02],"Delley-Portalban es una comuna suiza del cantón de Friburgo, situada en el distrito de Broye, a orillas del lago de Neuchâtel. Limita al noreste con la comuna de Vully-les-Lacs (VD), al sur con Saint-Aubin y Vallon, al suroeste con Gletterens, y al oeste con Boudry (FR) y Neuchâtel (NE).
La comuna es el resultado de la fusión en 2005 de las comunas de Delley y Portalban.El distrito de Broye (en francés district de la Broye, en alemán Bezirk Broye) es uno de los nueve distritos del cantón de Friburgo. Tiene una superficie de 173,88 km².
La capital del distrito es la ciudad histórica de Estavayer-le-Lac. El distrito está compuesto actualmente por 31 comunas.",¿En qué cantón suizo se encuentra la comuna de Delley-Portalban?
9,[-0.013435 -0.05597  -0.02861  ... -0.0407    0.0406    0.01039 ],"Jef Raskin (9 de marzo de 1943 - 26 de febrero de 2005) fue un programador y filósofo estadounidense. Diseñador de interfaces de usuario. Conocido principalmente por fundar el proyecto Macintosh para Apple Computer a fines de los años 70 y por los ordenadores Canon Cat de la compañía japonesa Canon.Michael Scott (11 de febrero de 1943)[1]​ fue el segundo director ejecutivo de Apple Computer desde 1976 hasta marzo de 1981. 
Mike Markkula, director de manufactura en National Semiconductor, convenció a Scott para que aceptara la plaza de director ejecutivo en Apple, como los cofundadores Steve Jobs y Steve Wozniak, ninguno era visto adecuado para el trabajo entonces.
Intentando poner un ejemplo para todos los negocios, en 1979 Scott declaró que no habría máquinas de escribir en Apple. En 1979 y 1980, el proyecto Macintosh de Jef Raskin era un esfuerzo de investigación de cuatro personas que no fue considerado importante dentro de Apple, y fue casi cancelado dos o tres veces. Cuando Apple tenía otra reorganización principal en otoño de 1980, le rescindieron el contrato, pero Jef suplicó a Scott y Markkula durante mucho tiempo y le concedieron otros tres meses para mostrar que era bueno en algo.
El 25 de febrero de 1981, día conocido en Apple como el Miércoles Negro, Scott despidió personalmente a 40 empleados de la empresa  incluyendo la mitad del equipo de Apple II, confiando en que ellos eran redundantes. Por la tarde reunió a los empleados restantes con un barril de cerveza y explicó los despidos declarando: ""Solía decir que si no me divertía siendo presidente de Apple, me iría. Pero he cambiado mi forma de pensar - cuando esto no sea divertido, despediré a la gente hasta que esto sea divertido otra vez.""
En 1981, después de este acontecimiento repentino, fue desplazado a vicepresidente, un título con poco poder, y Mike Markkula, el hombre que contrató a Scott, lo sustituyó. Scott dejó oficialmente Apple el 10 de julio de 1981, declarando en su carta de dimisión:

 

A partir de 1983 hasta 1988, Scott condujo Starstruck, una firma privada que intentó crear una lanzadera de cohetes controlada por satélite con base marina. También comenzó a apoyar organizaciones no lucrativas como la Ópera de Seattle y el Instituto de Tecnología de California, en sus esfuerzos para aplicar ordenadores personales a sus necesidades. 
Scott se ha hecho desde entonces un experto en gemas coloreadas, ha escrito un libro sobre ellas y ha montado una colección que ha sido expuesta en el Museo Bowers en Santa Ana. También patrocinó Rruff, un proyecto que crea un set completo de datos espectrales de alta calidad de minerales bien caracterizados.",¿Cuál es el  proyecto es más conocido de Jef Raskin en Apple?
10,[ 0.007027  -0.0258    -0.0704    ... -0.0008025  0.04984   -0.0529   ],"La Copa de Clubes de Asia de 1997 fue la 16.ª edición del torneo de fútbol más importante a nivel de clubes de Asia organizado por la AFC.
El Pohang Steelers de Corea del Sur venció en la final al entonces campeón defensor Cheonan Ilhwa Chunma también de Corea del Sur para ser campeón del torneo por primera occasión.La Copa de Clubes de Asia de 1998 fue la 17.ª edición del torneo de fútbol a nivel de clubes más importante de Asia organizado por la AFC.
El Pohang Steelers de Corea del Sur venció en la final al Dalian Wanda de China para proclamarse campeón por segunda ocasión consecutiva.",¿Quién ganó la Copa de Clubes de Asia 1997-98?
11,[-0.0971    0.02039   0.01581  ...  0.03053  -0.01843   0.001563],"Hüffelsheim es un municipio situado en el distrito de Bad Kreuznach, en el estado federado de Renania-Palatinado (Alemania). Su población estimada a finales de 2016 era de 1315 habitantes.[2]​
Se encuentra ubicado en el centro del estado, al oeste de la ciudad de Maguncia —la capital del estado— a poca distancia de la orilla del río Nahe, un afluente del Rin por la izquierda.Bad Kreuznaches un distrito en Renania-Palatinado, Alemania. limita con los distritos de Rin-Hunsrück, Maguncia-Bingen, Alzey-Worms, Donnersberg, Kusel y Birkenfeld.","¿El municipio Hüffelsheim, está ubicado en el este o el oeste de Alemania?"
12,[-0.02846 -0.035   -0.02838 ...  0.00979  0.03778 -0.04556],"Ghislain N'Clomande Konan, más conocido como Ghislain Konan, (Abiyán, 27 de diciembre de 1995) es un futbolista marfileño que juega de defensa.La selección de fútbol de Costa de Marfil es el equipo representativo del país en las competiciones oficiales. Es dirigida por la Fédération Ivoirienne de Football, perteneciente a la Confederación Africana de Fútbol.
Con un total de 23 participaciones, Los Elefantes alzaron la Copa Africana de Naciones en tres ocasiones: en 1992, 2015 y de locales en 2024. También fueron subcampeones en 2006 y 2012.",¿Cuál es el único club africano en el que Ghislain Konan ha jugado profesionalmente?
13,[-0.0578   -0.02806  -0.003956 ... -0.02605   0.00566  -0.01903 ],"Captain Morgan es una de las marcas de ron producida por la empresa Diageo. Recibe este nombre por el corsario del Caribe del siglo XVII originario de Gales Henry Morgan. El eslogan de Captain Morgan es: ""¿Hay un pequeño capitán en ti?"" («Got a little Captain in You?»).Tracy Jamal Morgan (Brooklyn, 10 de noviembre de 1968) es un actor, comediante y autor estadounidense que es conocido por sus ocho temporadas como miembro de elenco de Saturday Night Live y actualmente conocido por interpretar el papel de Tracy Jordan en la serie de NBC 30 Rock.",¿Qué tipo de bebida es el Capitan Morgan?
14,[ 0.00893  0.04123 -0.01289 ...  0.00288 -0.02232 -0.0331 ],"Torún[3]​[4]​[5]​[6]​ (en polaco: Toruń , en alemán: Thorn) es una ciudad situada en el norte de Polonia. Tiene una población estimada, a fines de septiembre de 2023, de 172 554 habitantes.[7]​
Es una de las dos capitales del Voivodato de Cuyavia y Pomerania, junto con Bydgoszcz.
Es la localidad natal de Nicolás Copérnico.
La parte medieval de la ciudad está inscrita como Patrimonio de la Humanidad de la UNESCO desde 1997. La composición de la plaza mayor y las calles adyacentes sigue siendo la misma que hace siete siglos.Twarde Pierniki Toruń, más conocido como Polski Cukier Toruń por motivos de patrocinio,  es un equipo de baloncesto polaco con sede en la ciudad de Toruń, que compite en la Energa Basket Liga, la máxima división de su país. Disputa sus partidos en el Arena Toruń, con capacidad para 6,790 espectadores.",¿En qué país se encuentra la ciudad de Toruń?
15,[ 0.04547    0.01516   -0.01869   ...  0.0009346  0.00832   -0.00662  ],"Twarde Pierniki Toruń, más conocido como Polski Cukier Toruń por motivos de patrocinio,  es un equipo de baloncesto polaco con sede en la ciudad de Toruń, que compite en la Energa Basket Liga, la máxima división de su país. Disputa sus partidos en el Arena Toruń, con capacidad para 6,790 espectadores.Una estación ferroviaria o estación de ferrocarril es una instalación ferroviaria con vías a la que pueden llegar y desde la que se pueden expedir trenes. Se compone de varias vías, con desvíos entre ellas, y se delimita por señales de entrada en ambos sentidos. Adicionalmente son un punto de acceso al ferrocarril de pasajeros y mercancías, aunque no es una condición indispensable para ser una estación.
Suelen componerse de andenes junto a las vías y un edificio de viajeros con servicios como venta de billetes y sala de espera.",¿Cuál fue la última estación espacial soviética?
16,[-0.01947   -0.00861   -0.04465   ...  0.012436   0.0004086 -0.02771  ],"Kansas City, Kansas (abreviado como KCK) es la tercera ciudad más grande del estado estadounidense de Kansas y sede del condado de Wyandotte, formando parte del ""Gobierno Unificado"",[6]​ el cual incluye también a las ciudades de Bonner Springs y Edwardsville. Según estimaciones del censo del año 2000, la población de la ciudad era de 146 867 habitantes. Situada en la confluencia de los ríos Misuri y Kansas,[7]​ la ciudad está frente a Kansas City, Misuri, y está incluida en el área metropolitana de Kansas City, la cual es una ciudad satélite de la ciudad principal.Los fotógrafos de la Guerra de Secesión fueron numerosos y muy activos en ambos lados del campo de batalla; la Guerra de Secesión fue el primer conflicto del siglo XIX ampliamente cubierto por los medios de comunicación y por medio de reporteros informativos, uno de los primeros casos de periodismo de guerra real, que se acercaron a los principales enfrentamientos y a través de sus especialistas en la caza de imágenes.
Luego hubo un gran grupo de fotógrafos, también de otras nacionalidades, que trabajaron con total o menos autonomía con la intención explícita de documentar las tragedias de lo que pronto resultó ser una guerra periodística luchada con las armas de propaganda. Las imágenes así recopiladas habían proporcionado a la posteridad un registro visual completo del evento catastrófico que causó más de medio millón de muertes, pero también de sus figuras más altas, desde generales prominentes hasta soldados rasos, contribuyendo a crear una fuerte impresión de asociación, sobre la población civil. Una cosa que generalmente no es conocida por el público en general es el hecho de que aproximadamente el 70% de la fotografía documental de la guerra fue capturada por las lentes gemelas de una cámara estereoscópica.[1]​ 
La Guerra Civil Americana fue la primera guerra en la historia, cuya realidad íntima se traería al hogar, no únicamente en las representaciones de periódicos, tarjetas de álbumes y tarjetas de visita, sino en un nuevo formato popular en 3D llamado «estereógrafo», «estereocardio» o «stereoview». Millones de estas tarjetas fueron producidas y compradas por un público ansioso por experimentar la naturaleza de la guerra de una manera completamente nueva.[2]​",¿Cómo se le conoce al evento predecesor de la guerra de secesión o guerra civil estadounidense que ocurrió en Kansas?
17,[-0.01826 -0.05728 -0.04602 ... -0.03546  0.06006  0.04114],"Sakya Trizin es el título que se le otorga a la cabeza del linaje Sakya. Su traducción literal es ""sostenedor del linaje Sakya"", entendiendo por linaje en el Budismo Tibetano la línea ininterrumpida de transmisión de enseñanzas desde el mismo Buda.[1]​
La escuela Sakya fue fundada en el año 1073 d. C., cuando Khön Konchog Gyalpo, un miembro de la familia noble Khön, estableció un monasterio en la región de Sakya en el Tíbet que pasó a convertirse en la sede central del linaje. Desde ese momento, la transmisión de enseñanzas se producirá siempre dentro de esta familia.
El actual Sakya Trizin es Gyana Vajra, oficialmente conocido como Khondung Gyana Vajra Rinpoche, es el 43.er Sakya Trizin.[2]​
La figura de Sakya Trizin es reconocida en el Budismo por la gran labor que realiza en la difusión del Dharma del Buda, ya que transmite los principales ciclos de iniciación de todos los Tantras y de todas las prácticas espirituales budistas que contienen las autorizaciones relativas a las prácticas esotéricas de las diversas escuelas del budismo tibetano.La escuela de budismo tibetano Sakya toma su nombre del lugar donde se asentó su primer monasterio en el año 1073 d. C.[1]​[2]​[3]​
Su fundador fue el Khön Konchok Gyalpo (1034-1102) y fue continuado por los llamados ""Cinco Patriarcas"":

Sachen Künga Nyingpo (1092-1158)
Sonam Tsemo (1142-1182)
Jetsün Drakpa Gyaltsen (1147-1216)
Sakya Pandita (1182-1251)
Drogön Chogyal Phagpa (1235-1280)
La escuela Sakya es la custodia principal de la enseñanza del Lamdré o ""camino del fruto"" o ""del resultado"". Este fue transmitido en la India por el maestro Gayadhara, discípulo de Virupa, al erudito y traductor Drogmi Lotsawa Sakya Yeshe (992-1074) quien lo llevó al Tíbet.
Su actual cabeza es S.S. Sakya Trizin y este cargo siempre es heredado dentro de la familia Khön.
En Occidente uno de sus más importantes difusores es el Lama Pema Wangdak responsable de varios centros en Estados Unidos, México y Argentina.",¿ Quién es el actual Sakya Trizin?
18,[ 0.002987  0.02388  -0.0288   ...  0.02774  -0.03656  -0.05536 ],"Una ciudad fronteriza es una localidad o ciudad cercana a la frontera entre dos países, estados, o regiones. Normalmente el término implica que la cercanía a la frontera es una de las cosas por las que el lugar es más conocido.
Debido a su proximidad a un país diferente, puede haber influencia de tradiciones y cultura exóticas en el lugar, pudiendo crearse distintas manifestaciones de sincretismo cultural. Las ciudades fronterizas pueden tener comunidades altamente cosmopolitas, una característica que comparten con ciudades portuarias, debido a los constantes viajes y comercio que pasan por la ciudad. También pueden ser puntos en que se generen conflictos internacionales, especialmente cuando los dos países tienen disputas territoriales. Por otro lado, la proximidad geográfica entre dos aglomeraciones urbanas favorece el comercio fronterizo, dependiendo la legislación que tenga cada país en relación con este tema, así como también la libertad de viaje de los ciudadanos.La Ciudad de Panamá[4]​ es la capital de la República de Panamá,[5]​[6]​ de la Provincia de Panamá y cabecera del Distrito de Panamá.[7]​ Está ubicada a orillas del golfo de Panamá, en el océano Pacífico, al este de la desembocadura del Canal de Panamá. 
Fundada con el nombre de La Muy Noble y Leal Nuestra Señora de la Asunción de Panamá, el 15 de agosto de 1519 por el español Pedro Arias Dávila cerca de una ranchería Cueva a la que llamaban Panamá,[8]​[9]​ actualmente ocupa un área de 2561 km². Como capital de la república, alberga la sede del Gobierno Nacional, junto a otras instituciones gubernamentales y una gran cantidad de embajadas y consulados debidamente acreditados.[10]​ Está comunicada mediante el puerto de Balboa, el aeropuerto Internacional de Tocumen, la carretera Panamericana y la carretera transístmica (autopista Panamá–Colón), que une en 78,9 km la ciudad con la costa del mar Caribe.
La ciudad es el principal centro cultural y económico de Panamá. Posee una intensa actividad financiera y un centro bancario;[11]​ ocupó la 2.ª posición en la versión 2013 de la clasificación de las Ciudades Más Competitivas de América Latina.[12]​ El canal de Panamá y el turismo son también notables fuentes de ingreso para la economía de la ciudad, que cuenta con un clima tropical monzónico. El paisaje urbano que ofrece la ciudad que entremezcla rascacielos, mar y bosque tropical la hace única en América Latina, asimismo, es una de las siete capitales costeras de Hispanoamérica, conjuntamente con La Habana, San Juan, Lima, Buenos Aires, Montevideo y Santo Domingo.",¿Cuál es una característica principal de una ciudad sostenible?
19,[-0.014824  0.0401    0.00426  ...  0.0471   -0.01109  -0.06793 ],"Galicia es una comunidad autónoma española, considerada nacionalidad histórica según su estatuto de autonomía,[6]​ situada en el noroeste de la península ibérica. Está formada por las provincias de La Coruña, Lugo, Orense y Pontevedra, que se componen de trescientos trece municipios[7]​ agrupados en cincuenta y tres comarcas. Su capital es la ciudad de Santiago de Compostela. Por otro lado, Vigo es el municipio con más población y La Coruña es el municipio más densamente poblado y la localidad con más habitantes.[2]​
Geográficamente, Galicia está bañada al oeste por el océano Atlántico y al norte por el mar Cantábrico. Limita al sur con Portugal y al este con Asturias y Castilla y León (provincias de León y de Zamora). Además del territorio continental, incluye los archipiélagos de las islas Cíes, el de Ons y el de Sálvora, las islas de Cortegada, Arosa, las Sisargas, las Malveiras y otras más pequeñas.
Galicia tiene 2 705 833 habitantes (INE 2024),[4]​ con una distribución demográfica que aglomera la mayor parte de la población en las franjas costeras comprendidas entre Ferrol y La Coruña en el noroeste y entre Villagarcía de Arosa, Pontevedra y Vigo en el suroeste. En su territorio se hablan el gallego y el castellano, ambas lenguas cooficiales según el Estatuto de Autonomía de Galicia.La Junta de Galicia[3]​ (en gallego, Xunta de Galicia) es el órgano colegiado[4]​ de gobierno de la comunidad autónoma española de Galicia.[5]​[6]​
Está compuesta por el presidente, vicepresidente o vicepresidentes (en su caso) y consejeros (en gallego, conselleiros), que se reparten las distintas áreas de gobierno. Los vicepresidentes y los consejeros son nombrados por el presidente. Galicia ejerce sus funciones administrativas a través de la Junta y de las consejerías. 
La presidencia de la Junta de Galicia tiene su sede oficial en el Palacio de Rajoy en Santiago de Compostela, y los edificios de San Caetano y San Lázaro acogen las consejerías.[7]​",¿Cuál es la capital de la comunidad autónoma de Galicia?
20,[-0.07184  -0.01892   0.003809 ...  0.02545   0.02992  -0.00389 ],"Bischofsheim es un municipio situado en el distrito de Groß-Gerau, en el estado federado de Hesse (Alemania). Su población estimada a finales de 2016 era de 13 293 habitantes.[2]​[3]​
Se encuentra ubicado al sur del estado, a poca distancia al este del río Rin que lo separa del estado de Renania-Palatinado.Gau-Bischofsheim es un municipio situado en el distrito de Maguncia-Bingen, en el estado federado de Renania-Palatinado (Alemania). Su población estimada a finales de 2016 era de 2033 habitantes.[2]​
Se encuentra ubicado en la zona centro-este del estado, cerca de la orilla izquierda del río Rin —que lo separa del estado de Hesse—, del río Nahe —afluente del anterior por su margen izquierda— y de la ciudad de Maguncia —la capital del estado—.","¿Qué río pasa cerca de Bischofsheim, Hesse ubicado en Alemania?"
21,[ 0.02464   0.004993 -0.05313  ...  0.007023 -0.0222    0.02197 ],"El parto humano, también llamado nacimiento, es la culminación del embarazo humano hasta el período de la salida del feto del útero.[1]​ La edad de un individuo se define por este suceso en muchas culturas. Se considera que una mujer inicia el parto con la aparición de contracciones uterinas regulares, que aumentan en intensidad y frecuencia, acompañadas de cambios fisiológicos en el cuello uterino.[2]​
El proceso del parto  natural se categoriza en cuatro fases: el borramiento y dilatación del cuello uterino, el descenso, nacimiento del bebé y el alumbramiento de la placenta. El parto puede verse asistido con medicamentos como  anestésicos o la oxitocina, utilizada ante complicaciones de retraso grave de alumbramiento. Junto con la episiotomía (incisión quirúrgica en la zona del perineo), todo esto no debe hacerse nunca de manera rutinaria, ya que el parto más seguro es el que evoluciona espontáneamente y en el que no se interviene innecesariamente.[3]​ En algunos embarazos catalogados como de riesgo elevado para la madre o el feto, el nacimiento ocurre por cesárea: la extracción del feto a través de una incisión quirúrgica en el abdomen.
La tasa de mortalidad materna sin asistencia médica (que incluye la preñez, el parto y el puerperio, siendo el parto el momento de mayor riesgo) es de alrededor de 1 en 150. Por su parte, la tasa de mortalidad neonatal sin asistencia médica es mucho mayor y la tasa de morbilidad para ambos, es decir, enfermedad y secuelas, es evidentemente aún más elevada. Esto se constata observando las estadísticas históricas previas a la introducción de las técnicas de asepsia y antisepsia, así como el uso de líquidos intravenosos, transfusiones, antibióticos, oxitocina, antihipertensivos, cirugía y muchos otros procedimientos médicos.
Estas elevadísimas tasas de mortalidad persisten en los partos naturales sin ninguna asistencia médica que siguen sucediendo en numerosos países debido a la falta de acceso a los recursos sanitarios o por razones ideológicas.[4]​En Física y en Matemática, la invariancia de escala es una propiedad de objetos o leyes en los que no hay cambios si la escala de tamaño (o la escala de energía) son multiplicadas por un factor común.[1]​ El término técnico para esta transformación es homotecia, también llamada dilatación o amplificación. Las dilataciones, además, pueden ser parte de una gran simetría conforme o invariancia de Weyl.

En Matemática, la invariancia de escala se refiere a una invariancia de funciones o curvas. Un concepto cercanamente relacionado es la autosimilitud, en la que una función o curva es invariante dentro de un subconjunto discreto de las dilataciones posibles. Esto también puede cumplirse para las distribuciones de probabilidad de un proceso aleatorio, que puede mostrar esta clase de invariancia de escala o autosimilitud.

En la teoría clásica de campos, la invariancia de escala se aplica casi siempre a la invariancia de toda la teoría cualesquiera que sean las dilataciones. Algunas teorías describen típicamente los procesos físicos clásicos con una inusual escala de tamaño.
En la teoría cuántica de campos, la invariancia de escala se interpreta en los términos de la física de partículas.[2]​ En una teoría que presente invariancia de escala, la intensidad de las interacciones entre partículas no depende de la energía de las partículas involucradas.
En mecánica estadística la invariancia de escala es una característica de las transiciones de fase.[3]​ La observación clave es que en la vecindad de una transición de fase o punto crítico ocurren fluctuaciones para todas las escalas de tamaño, y entonces puede buscarse una teoría de invariancia de escala que describa adecuadamente el fenómeno. Algunas teorías son teorías estadísticas de campos con invariancia de escala, y son muy parecidas en su forma a las teorías cuánticas de campos con invariancia de escala, mencionadas en el párrafo anterior.
Se llama universalidad a la observación de que sistemas microscópicos muy distintos pueden mostrar el mismo comportamiento en una transición de fase.[4]​ Por esto, las transiciones de fase en muchos sistemas diferentes pueden describirse mediante la misma subyacente teoría de invariancia de escala.
Generalmente las magnitudes adimensionales poseen invariancia de escala. El concepto análogo en estadística corresponde a los momentos estandarizados, que son estadísticas de una variable con invariancia de escala.",Describe la fase de dilatación en el proceso del parto humano.
22,[ 0.0194   0.00213 -0.02853 ... -0.02176 -0.05402 -0.02351],"Las antenas son apéndices multisegmentados presentes en los metámeros anteriores de los artrópodos mandibulados.
En los crustáceos son birrámeas y están presentes en los dos primeros segmentos de la cabeza, llamándose al par más pequeño anténulas. Todos los demás grupos de artrópodos (con la excepción de los quelicerados y los proturos, que carecen de ellas) tienen un único par unirrámeo de antenas.
Las antenas están articuladas a la cabeza pudiendo rotar en su base articular monocondilar. Alojan multitud de sensilias táctiles, olfatorios, gustativos y termo- e higroreceptores, que permiten al animal percibir la presencia de objetos tocándolos, oír, percibir el movimiento del aire, percibir aromas y sabores, así como captar la temperatura y humedad del ambiente y los objetos tocados por ellas.[1]​[2]​Los apéndices son estructuras anatómicas partes de los artrópodos, formadas por elementos articulados entre sí, que se insertan en todos o algunos de los metámeros del cuerpo.[1]​ La condición primitiva es la presencia de un par de apéndices similares en cada metámero, la cual se conserva en pocos artrópodos actuales. Las alas de los insectos no son apéndices.",¿Qué funciones desempeñan las antenas en los artrópodos?
23,[ 0.01863   0.006805 -0.013535 ... -0.02608  -0.0636   -0.01388 ],"Los apéndices son estructuras anatómicas partes de los artrópodos, formadas por elementos articulados entre sí, que se insertan en todos o algunos de los metámeros del cuerpo.[1]​ La condición primitiva es la presencia de un par de apéndices similares en cada metámero, la cual se conserva en pocos artrópodos actuales. Las alas de los insectos no son apéndices.Lugdunum Convenarum, literalmente «cerro del dios Lug de los Cónvenos» es el nombre que se suele dar hoy en día a una importante antigua ciudad urbana aquitano-romana del suroeste de la Galia romana, correspondiente al actual pueblo de Saint-Bertrand-de-Comminges.",¿En que país actual estuvo ubicada la ciudad romana de Lugdunum?
24,[-0.004463  0.0419    0.02023  ... -0.03555   0.011536  0.02425 ],"El sirope de chocolate, salsa de chocolate o jarabe de chocolate es un tipo de condimento que suele añadirse a ciertas preparaciones culinarias con el objeto de aumentar el sabor y aroma a chocolate. El sirope de chocolate puede añadirse a una amplia gama de platos, si bien a menudo se usa para cubrir diversos postres, como helados, o mezclado con leche para obtener leche chocolateada. En repostería, mediante el uso de una manga puede ser empleado en la decoración de ciertos platos, como pueden ser postres.El granizado o raspado es un refresco o refrigerio compuesto de hielo troceado o rallado con sirope o jarabe de sabores variados (limón, fresa, café, etcétera). Recibe distintas denominaciones, dependiendo del país.",¿Cuál es el ingrediente principal del jarabe o sirope de chocolate?
25,[-0.03986  -0.003181 -0.01283  ... -0.02261  -0.00806  -0.00609 ],"Ludhiana es una ciudad y municipio del estado del Punyab, al nordeste de la India, en el distrito del mismo nombre. Fundada a finales del siglo XV, es la ciudad más grande de Punjab, con una población estimada de 1.740.249 de habitantes (2010). Está situada en un brazo del Sutlej, 13 km al sur de su curso actual.
Ludhiana está localizada en la Grand Trunk Road, una de las rutas comerciales principales de la zona de Delhi, que tiene más de dos mil años de historia. La ciudad está comunicada con la capital por carretera y servicios de trenes.
Es un centro industrial y educativo del norte de India, y cruce de muchas culturas.
De las 1086 ciudades que analiza la Organización Mundial de la Salud, Ludhiana es una de las ciudades más contaminadas de todo el planeta debido a la gran cantidad de fábricas que se han establecido en ella, en particular de la industria automotriz.[2]​Ludhiana (en punyabí: ਲੁਧਿਆਣਾ ਜ਼ਿਲਾ) es un distrito de la India en el estado de Punyab. Código ISO: IN.PB.LU.[2]​
Comprende una superficie de 3744 km².
El centro administrativo es la ciudad de Ludhiana.",¿En qué estado de la India se encuentra la ciudad de Ludhiana?
26,[ 0.01066  0.00739 -0.04996 ... -0.03146  0.03235 -0.01031],"Erysiphales es un orden de hongos ascomicetos. El orden contiene una sola familia, Erysiphaceae. Muchos de ellos causan enfermedades de las plantas llamadas mildiú polvoriento.Podosphaera macularis es un hongo patógeno de plantas.
Sphaerotheca macularis.
Este es un oídio que ataca a un amplio rango de huéspedes, con lo que es muy probable que haya algún reservorio cerca de nuestra plantación. Es un gran problema en fresa y también en plantaciones de lúpulo. Este hongo pasa el invierno en forma de ascas o de micelio sobre otras plantas huésped bien sean cultivadas o silvestres (en parques y jardines, balcones y terrazas, etc.). Los cultivos de interior o de invernadero infectados también son un buen reservorio de la enfermedad. Este micelio refugiado en otras plantas libera conídios (un tipo de espora). Estos conidios son los que transportados mayormente por el viento, acaban en la superficie de las hojas de las plantas de cannabis, donde si las condiciones son las adecuadas germinan y se desarrollan, formando nuevos conidios, volviendo a comenzar el ciclo y haciendo que este hongo se extienda por toda la planta.
Cuanto más alta es la concentración de conidio en el ambiente, mayor será la probabilidad de sufrir un ataque grave de este hongo, con lo que las medidas preventivas estarán dirigidas a crear condiciones y aplicar tratamientos que dificulten el establecimiento de estos conidios en nuestras plantas. Este hongo se desarrolla superficialmente, por lo que otra pista que nos permitirá identificarlo es que cuando pasamos el dedo por encima de la hoja, la mancha de polvo se va. Aunque esto puede hacer pensar que la erradicación con fungicidas debe ser fácil, la realidad es que si utilizamos productos biológicos de bajo efecto sistémico, las partes a las que no ha llegado el fungicida o no ha penetrado lo suficiente, seguirán conteniendo pequeñas partes del hongo que pueden volver a crecer rápidamente si las condiciones le son propicias. Por eso hay que ser constante con los tratamientos incluso aunque ya no detectemos la presencia de oídio.
Según los estudios consultados, los factores ambientales involucrados en el establecimiento y desarrollo del hongo en diversos huéspedes son:
• Temperatura media diaria: Superior a 15 °C favorece el desarrollo del hongo y la dispersión de conidios. En general, la producción de conidios disminuye cuando las temperaturas bajan de 15-20 °C y cuando las temperaturas superan los 26 °C. Según los estudios realizados con lúpulo, exposiciones de unas dos horas a temperaturas superiores a 32 °C disminuyen la incidencia de la enfermedad.
• Humedad relativa: El rango óptimo de germinación de los conidios es entre 75% y 98% de humedad. Ante humedades relativas bajas, el hongo reacciona liberando un mayor número de esporas. Esta dispersión se ve favorecida también por fluctuacionesbruscas de la humedad. Cuanto más baje la humedad ambiental y cuanto más bruscamente lo haga, más cantidad de esporas serán liberadas en el ambiente. Aunque la humedad ambiental sea baja, debido a la transpiración de la planta, la superficie foliar puede llegar a tener una humedad alta, lo que permite la germinación del conidio. Un medidor digital de temperatura y humedad con máximas y mínimas es una herramienta imprescindible en estos casos ya que nos dará una idea precisa de cuándo se dan estos valores de alto riesgo.
• Lluvia: La lluvia elimina las esporas que están flotando en el ambiente por lo que la probabilidad de infección en un día de lluvia es bajo. Además una capa de agua sobre las hojas impide la germinación de las esporas, el desarrollo de los conidios y su dispersión. La maduración de los conidios precisa de luz, por lo que la dispersión de las esporas se produce por el día, aproximadamente entre la 13:00 y las 15:00 de la tarde. El momento más crítico del día suele ser entre las 17:00 y las 21:00. Estudios con lúpulo demostraron que las esporas que germinen en estas horas tienen más probabilidad de causar un daño mayor.",¿A qué seres vivos afectan los hongos de la orden Erysiphales?
27,[ 0.01519   0.04996  -0.007015 ...  0.03778  -0.01752  -0.03662 ],"A Portuguesa (en español, La Portuguesa) es el nombre por el que se conoce el Himno nacional de Portugal.
La letra fue escrita por Henrique Lopes de Mendonça mientras que la música fue compuesta por Alfredo Keil.[1]​ Fue compuesta inicialmente como una marcha, como respuesta al ultimátum británico de 1890. Adoptado como un himno republicano y finalmente por la nueva República Portuguesa en 1910 como Himno Nacional, reemplazando a O Hino da Carta, el último himno de la monarquía constitucional en Portugal.Un himno nacional es una composición musical emblemática de una nación, que la identifica y que une entre sí a quienes la interpretan.[1]​ Estas funciones representativas, simbólicas y de unión son compartidas con la bandera, el traje típico y otros.
En general, los himnos nacionales tratan de reflejar la unión, el sentimiento de solidaridad y la glorificación de la historia y las tradiciones de un país.[2]​ 
Los himnos nacionales comienzan a surgir en la modernidad, al mismo tiempo que lo hace la nación. [3]​Así pues, algunos de los himnos nacionales más antiguos del  mundo son los de Gran Bretaña (1740),[4]​España (1770), Francia (1792) y Argentina (1812-1813).[3]​Existen otras composiciones musicales de mayor antigüedad, pero solo más tardíamente se les acabaría otorgando el carácter de himnos nacionales.[3]​
Durante los siglos xix y xx, con el crecimiento del número de países independientes, muchos de ellos adoptaron himnos nacionales que, en algunos casos, coexistían con canciones populares de carácter patriótico utilizadas.[5]​
Según Michael Billing, en su libro titulado Nacionalismo Banal, el himno es uno de los elementos utilizados para crear y mantener identidades nacionales.[6]​ Para Enric Hobsbawn y Terence Ranger, es uno de los elementos de estudio en el entorno de lo que llaman la invención de la tradición.[4]​","¿Quién escribió la letra del himno nacional de portugal, A Portuguesa?"
28,[ 0.003967  0.03848  -0.05637  ...  0.0212    0.04727  -0.01101 ],"La Armada de Suecia (en sueco: Svenska marinen) es la rama naval de la Fuerzas Armadas de Suecia.  Se compone de unidades de superficie y submarinas - la Flota (en sueco: Flottan)- así como de unidades de infantería de marina, denominadas Cuerpo Anfibio (Amfibiekåren). Es una marina de guerra de tamaño moderado, pero moderna y poderosa, especializada en buques de defensa costera, como corbetas, minadores, lanchas misileras y patrulleros. Debido a su orientación y sus buques -pensados para operar en el Mar Báltico, el Golfo de Botnia y el Estrecho de Kattegat- no se le puede calificar como una ""armada de agua azul"".
En Suecia, a los buques de la armada se les da el prefijo ""HMS"", abreviatura de ""Hans/Hennes Majestäts Skepp"" (Buque de Su Majestad). Algunas marinas de guerra internacionales, pero no así la propia marina de guerra sueca, le asignan el prefijo ""HSwMS"" (en inglés: ""His Swedish Majesty's Ship"" o ""Buque de Su Majestad Sueca""), sobre todo para diferenciarlos de las naves de la Royal Navy británica, que también usan la abreviatura ""HMS"" (""Her Majesty's Ship"").Carlos IX de Suecia (Estocolmo, 4 de octubre de 1550-Nyköping, 30 de octubre de 1611) fue rey de Suecia entre 1604 y 1611. Fue el último hijo del rey Gustavo Vasa y de su segunda esposa, Margarita Eriksdotter. Antes de ser rey de Suecia, había heredado de su padre el ducado de Södermanland. De 1599 a 1604 se desempeñó como regente de Suecia, tras el derrocamiento de su sobrino, Segismundo Vasa.
Fue un férreo opositor al catolicismo, defensor de la independencia y precursor de la política expansionista sueca, en la que se topó con la rivalidad de Polonia. De carácter represor y autoritario, llevó a cabo la fundación de un Estado fuerte, en concordancia con los ideales de su padre.",¿Qué rey sueco inició la armada de Suecia?
29,[ 0.004044  0.006374 -0.0468   ...  0.03207  -0.0626   -0.0196  ],"Eduardo Antônio dos Santos, conocido deportivmente como Edú Manga, (Osasco, Brasil, 2 de febrero de 1967) es un exfutbolista brasileño que jugaba como volante. militó en clubes de Brasil, Chile, Ecuador, España, Japón y México; y tuvo también el privilegio de jugar por la selección brasileña, a fines de la década de los 80', donde jugó la Copa América de Argentina 1987 y las clasificatorias para el Mundial de Italia 1990.Brasil, oficialmente República Federativa de Brasil (),[10]​[11]​ es un país soberano de América del Sur que comprende la mitad oriental del continente y algunos grupos de pequeñas islas en el océano Atlántico. Su capital es Brasilia y su ciudad más poblada es São Paulo. Es el tercer país más grande de América.
Con una superficie estimada en más de 8 500 000 km²,[3]​ es el quinto país más grande del mundo en área total (equivalente al 47,69 % del territorio sudamericano).[12]​ Delimitado por el océano Atlántico al este, Brasil tiene una línea costera de 7491 km.[3]​ Al norte limita con el departamento ultramarino francés de la Guayana Francesa, Surinam, Guyana y Venezuela; al noroeste con Colombia; al oeste con Perú y Bolivia; al suroeste con Paraguay y Argentina, y al sur con Uruguay. De este modo tiene frontera con todos los países de América del Sur, excepto Ecuador y Chile.[13]​ La mayor parte del país está comprendido entre los trópicos terrestres, por lo que las estaciones climáticas no se sienten de una manera radical en gran parte de su territorio. La selva amazónica cubre 3 600 000 km² del territorio. Gracias a su vegetación y al clima, es uno de los países con más especies de animales en el mundo.[14]​
La región del actual Brasil, hasta entonces habitada por pueblos indígenas, tuvo su primer contacto con los europeos en el año 1500 d. C. a través de una expedición portuguesa liderada por Pedro Álvares Cabral. Tras el Tratado de Tordesillas, el territorio brasileño fue el segmento del continente americano que correspondió al reino de Portugal, del cual obtuvo su independencia el 7 de septiembre de 1822. Así, el país pasó de ser parte central del reino de Portugal a un imperio para finalmente convertirse en una república. Su primera capital fue Salvador de Bahía, que fue sustituida por Río de Janeiro hasta que se construyó una nueva capital, Brasilia. Su constitución actual, formulada en 1988, define a Brasil como una república federativa presidencialista.[11]​ La federación está formada por la unión del Distrito Federal, los 26 estados y los 5570 municipios.[11]​[15]​[nota 1]​
A pesar de que sus más de 203 millones de habitantes[17]​ hacen de Brasil el séptimo país más poblado del mundo, presenta un bajo índice de densidad poblacional. Esto se debe a que la mayor parte de la población se concentra a lo largo del litoral, mientras que el interior del territorio aún está marcado por enormes vacíos demográficos. El idioma oficial y el más hablado es el portugués, que lo convierte en el mayor país lusófono del mundo.[13]​ Por su parte, la religión con más seguidores es el catolicismo, siendo el país con mayor número de católicos nominales del mundo. La sociedad brasileña es considerada una sociedad multiétnica al estar formada por descendientes de europeos, indígenas, africanos y asiáticos.
La economía brasileña es la mayor de América del Sur, Iberoamérica y del hemisferio sur, la undécima mayor del mundo por PIB nominal y la octava mayor por paridad del poder adquisitivo (PPC).[18]​[19]​ Es considerado una economía de renta media alta por el Banco Mundial y un país recientemente industrializado, que tiene la mayor proporción de riqueza global de América Latina debido al abundante petróleo y diversos minerales encontrados fácilmente en el país.[20]​[21]​[22]​ Sin embargo, su abundante riqueza está muy concentrada, convirtiendo al país en uno de los más desiguales del mundo,[23]​ el 10 % más rico de su población recibió el 54 % de la renta nacional en 2018.[24]​ Como potencia regional y media, la nación tiene reconocimiento e influencia internacional, siendo también clasificada como potencia global emergente y como potencial superpotencia por varios analistas.[25]​[26]​
El país es miembro fundador de la Organización de las Naciones Unidas (ONU), G20, Comunidad de Países de Lengua Portuguesa (CPLP), Unión Latina, Organización de los Estados Americanos (OEA), Organización de los Estados iberoamericanos (OEI), Mercado Común del Sur (Mercosur) y de la Unión de Naciones Sudamericanas (Unasur), además de ser uno de los países BRICS.",¿Practicar qué deporte le hizo famoso al brasileño Edú Manga?
30,[-0.03638 -0.06464 -0.04858 ...  0.02052  0.01023 -0.02995],"El vicariato apostólico de Arabia del Norte (en latín: Vicariatus Apostolicus Arabiae Septentrionalis y en árabe: النيابة الرسولية لشمال شبه الجزيرة العربية‎) es una circunscripción eclesiástica de rito latino de la Iglesia católica en la península arábiga. Desde el 13 de mayo de 2020 su administrador apostólico sede vacante es Paul Hinder, O.F.M.Cap.En el cristianismo, un obispo (del latín episcopus; en griego ἐπίσκοπος, 'vigilante', 'inspector', 'supervisor' o 'superintendente') es un fiel que recibe el liderazgo de supervisar una congregación, a los pastores o sacerdotes, según el caso, de un territorio determinado.
La Iglesia católica, la Iglesia ortodoxa, la Comunión anglicana y algunas iglesias luteranas afirman que la sucesión apostólica se mantiene mediante la ordenación de obispos de forma personal e ininterrumpida desde los tiempos de los apóstoles. Esto es, los apóstoles ordenaron a obispos, los cuales de forma ininterrumpida han seguido ordenando nuevos obispos hasta hoy.
En la Iglesia católica es un presbítero que lleve, al menos, cinco años ordenado, y que recibe el sacramento del orden sacerdotal en su máximo grado, que es el episcopado. Considera al obispo como el miembro de la Iglesia que ha recibido la plenitud del sacerdocio ministerial por el sacramento del orden, sucesor de los apóstoles y pastor encargado del gobierno de una diócesis; en virtud de la colegialidad, comparte con el papa y con los demás obispos la responsabilidad sobre toda la Iglesia católica. 
En La Iglesia de Jesucristo de los Santos de los Últimos Días, un obispo es el líder de una congregación local (conocida como barrio) con responsabilidades similares a las de un pastor, sacerdote, o rabí. Esta posición no es remunerada.[1]​ 
Desde un punto de vista etimológico, el obispo es aquella dignidad eclesiástica encargada del control y vigilancia del cumplimento de las leyes de la Iglesia católica o Derecho canónico en el territorio de su jurisdicción o diócesis. Los obispos poseen símbolos distintivos que muestran su dignidad. En el catolicismo, usan vestiduras de color púrpura, un anillo y una cruz. En las ceremonias solemnes, llevan la mitra y el báculo pastoral. El papa, pastor de la Iglesia católica y cabeza del Colegio Episcopal, es al mismo tiempo el obispo de Roma.",¿Cuál es la denominación religiosa de Gregorio III Laham?
31,[-0.05814  -0.07153  -0.04187  ... -0.010056 -0.002728 -0.0338  ],"The Love Boat, El crucero del amor (en Hispanoamérica), El bote del amor (en Venezuela) o Vacaciones en el mar (en España) es una serie de televisión estadounidense que se emitió en la cadena ABC entre los años 1977 y 1986. Estaba ambientada en un barco que realizaba cruceros de lujo por diferentes lugares del mundo. Es básicamente una comedia de situación con toques románticos, de tono amable y pensada para un público familiar.Albert Leong (30 de septiembre de 1952) es un artista marcial, coreógrafo de artes marciales, escritor, actor, doble de riesgo y director de ascendencia asiática-estadounidense. Ha aparecido en cine y televisión, además de involucrarse en la producción cinematográfica.
En el año 2000 hizo su debut directorial y como escritor en la película independiente Daddy Tell Me a Story...",¿Cuál es la profesión de Ted Lange?
32,[-0.005627  0.01406  -0.0546   ...  0.01238   0.04834  -0.01151 ],"El Fútbol Club Red Bull Salzburgo[3]​ (en alemán: Fußball Club Red Bull Salzburg), o Salzburgo de manera abreviada,[4]​[5]​ es un club de fútbol de la ciudad de Salzburgo, Austria. Juega en la Bundesliga austriaca, máxima categoría del país. Fue fundado el 13 de septiembre de 1933 como Sportverein Austria Salzburgo, gracias a la fusión de otros dos equipos locales.
Ascendió a la máxima categoría nacional en 1953 teniendo un papel relevante hasta los años 1990 cuando, bajo el nombre de Casino Salzburgo, alcanzó sus mejores resultados con tres campeonatos de liga, tres supercopas y un subcampeonato en la Copa de la UEFA 1993-94. El 6 de abril de 2005 la empresa de bebidas energéticas Red Bull GmbH compró el Austria Salzburgo, siendo el primer club comprado por el grupo empresarial. Posteriormente modificó su nombre y escudo, pasando a denominarse Red Bull Salzburg.[6]​ y dándole un presupuesto importante al equipo para invertir en fichajes.[6]​ En los torneos internacionales participa como FC Salzburg por las limitaciones de la UEFA a los patrocinadores.[7]​
Cuando el equipo clasificó como campeón de Austria a la Liga de Campeones de la UEFA 2017-18, otro club propiedad de Red Bull, el RasenBallsport Leipzig de Alemania, también se había clasificado a este torneo continental, poniendo en riesgo la participación de ambos por estatutos UEFA, que prohíben la participación simultánea a dos equipos de un mismo propietario. Finalmente, la UEFA decidió aceptar ambos equipos tras confirmar que «no existe influencia simultánea» entre los dos, alegando cambios en sus estructuras que dejaron a Red Bull como propietario del equipo alemán y únicamente patrocinador del equipo austriaco, pero en la práctica toma las decisiones deportivas y administrativas de ambos equipos.[8]​
En protesta por las decisiones de Red Bull GmbH, un grupo de aficionados de Salzburgo fundó un nuevo club con los colores e historia tradicionales, el S. V. Austria Salzburg.[9]​El Red Bull Arena o Salzburgo Arena es un estadio de fútbol en la municipalidad de Wals-Siezenheim en los suburbios de Salzburgo, Austria. Fue oficialmente abierto en marzo del 2003 y es donde juega de local el club Red Bull Salzburg de la Bundesliga Austriaca.",¿Cuál es el nombre del equipo de fútbol que juega en el Red Bull Arena en Salzburgo?
33,[ 0.0362    0.0218   -0.01758  ...  0.007435 -0.06793  -0.01358 ],"Ponzone es una localidad y comune italiana de la provincia de Alessandria, región de Piamonte, con 1.218 habitantes.El Señorío de Masserano fue concedido a Antonio Fieschi el 29 de mayo de 1394 por el Papa Bonifacio IX, y elevado a Condado por el Papa Julio II en 1506. Pasó a los Ferrero, por la adopción de Ludovico II,[3]​ el 9 de abril de 1517. Convertido en Marquesado el 5 de agosto de 1547 y a Principado el 13 de agosto de 1598 por Clemente VIII.[4]​[2]​ Fue suprimido el 20 de marzo de 1767,[5]​ siendo cedido al Reino de Cerdeña.[6]​
Su territorio abarcó la actual comuna italiana de Masserano además de (Crevacuore, Romagnano Sesia hasta 1588 cuando pasa a la familia Serbelloni,[7]​ Curino, Ponzone, Crosa y Mombello di Torino), en el noroeste del país y tuvo como principal población a la localidad de igual nombre.[8]​",¿En qué país se encuentra la localidad de Ponzone?
34,[-0.06604   0.01033  -0.01138  ... -0.01984   0.003521  0.01027 ],"Christopher S. Claremont[1]​[2]​ (Londres, Inglaterra, Reino Unido, 25 de noviembre de 1950),[3]​[4]​ más conocido como Chris Claremont, es un guionista de cómics y escritor, conocido principalmente por ser el autor que popularizó a los X-Men de los años 1980.
Durante sus 16 años ininterrumpidos (1975-1991) como guionista de Uncanny X-Men, Claremont redefinió casi por completo la serie, pasando de estar al borde del cierre a ser una de las más importantes de la editorial. La mayoría de los mutantes de Marvel Comics han sido creados o redefinidos por él, razón por la que es considerado como padre del «subuniverso» mutante de Marvel. Es considerado por muchos como el segundo guionista más importante en la historia de la editorial, tras Stan Lee.La historieta o cómic fantástico es uno de los géneros de ficción en que puede dividirse la producción de historietas. La fantasía asoma en otros muchos géneros falso y, en su concepción más amplia, puede abarcar la historieta de ciencia ficción y la de terror, pero es más habitual concederles una entidad diferente. En términos generales, puede afimarse que el cómic es un medio especialmente propicio para el género fantástico, dado que la ""absoluta libertad del lápiz ante la página en blanco da al artista la capacidad de proponer el más delirante de los mundos posibles con el único límite de su imaginación"".[1]​",¿Qué serie de historietas popularizó el guionista Chris Claremont?
35,[-0.04767  -0.0158   -0.0822   ... -0.0338   -0.0635   -0.006023],"Petra van Staveren (Kampen, Países Bajos, 2 de junio de 1966)[1]​ es una nadadora neerlandesa retirada especializada en pruebas de estilo braza, donde consiguió ser campeona olímpica en 1984 en los 100 metros.[2]​[3]​Petra es un nombre propio femenino de origen latino. Es el femenino de Pedro, nombre de origen latino que significa 'piedra'. Es un nombre común en Alemania, Croacia, Eslovaquia y República Checa.",¿Por qué es conocida la neerlandesa Petra van Staveren?
36,[ 0.02423 -0.0323  -0.06168 ...  0.01982  0.02039 -0.02643],"El FC Zhenis es un club de fútbol de Kazajistán de la ciudad de Astaná. Fue fundado en 1946 y jugaba en la Super Liga de Kazajistán hasta 2008 cuando el equipo, al declararse en quiebra, fue relegado a divisiones inferiores. Actualmente juega en la Super Liga de Kazajistán.El Estadio Kazhymukan Munaitpasov (en kazajo: Қажымұқан Мұңайтпасов стадион) es un estadio multiusos ubicado en la ciudad de Astaná, Kazajistán. Se utiliza preferentemente para partidos de fútbol, y es el estadio del FC Zhenis Astana, club que milita en la Liga Premier de Kazajistán, la máxima división del fútbol en Kazajistán. El estadio tiene una capacidad para 12.000 personas[1]​.
El estadio lleva desde 1986 el nombre de Kazhymukan Munaitpasov, un luchador kazajo y artista circense, y repetidas veces campeón mundial de lucha grecorromana[2]​.",¿Cuál es el nombre anterior del actual club de football FC Zhenis?
37,[-0.0421   -0.05182  -0.0075   ... -0.02188  -0.03873   0.007244],"David Linus Lieberman (también conocido como Microchip o Micro) es un personaje ficticio de Marvel Comics. Creado por el escritor Mike Baron y el artista Klaus Janson, apareció por primera vez en The Punisher #4 (noviembre de 1987) como un aliado del Punisher por años. Ayudó al Castigador al construir armas, suplementando tecnología y brindándole su amistad. En publicaciones más recientes, Microchip evolucionó gradualmente del amigo del Castigador a un enemigo acérrimo.[2]​
Micro fue interpretado por Wayne Knight en Punisher: War Zone de 2008 y por Ebon Moss-Bachrach en la adaptación para televisión de Netflix, ubicado en el Marvel Cinematic Universe.[3]​The Magicians fue una serie de televisión de fantasía estadounidense que se estrenó el 16 de diciembre de 2015 por Syfy y está basada en la novela del mismo nombre de Lev Grossman. En enero de 2019, Syfy renovó la serie para una quinta temporada a estrenarse el 15 de enero de 2020. La serie finalizó el 1 de abril de 2020 tras 5 temporadas y 65 episodios.",¿En que plataforma se lanzó la serie de televisión The Punisher?
38,[-0.02983  -0.006413 -0.0368   ... -0.006413 -0.02654   0.001999],,¿Cuáles son las cuatro furzas fundamentales según la física de partículas?
39,[-0.05957   0.00791   0.0273   ... -0.01227  -0.03625   0.001358],"Gampel-Bratsch es una comuna suiza del cantón del Valais, situada en el distrito de Leuk. Limita al norte con la comuna de Ferden, al este con Steg-Hohtenn y Niedergesteln, al sur con Turtmann, y al oeste con Leuk y Erschmatt.
La comuna fue creada el 1 de enero de 2009 de la fusión de las antiguas comunas de Gampel y Bratsch. La fusión fue decidida por el cuerpo electoral de las dos comunas el 20 de enero de 2008.La estación de Gampel-Steg es la principal estación ferroviaria de la comuna suiza de Steg-Hohtenn, en el Cantón del Valais.",¿Cuándo fue creada la comuna suiza Gampel-Bratsch?
40,[0.01521  0.04355  0.002157 ... 0.03333  0.007256 0.00801 ],"Cilleruelo de San Mamés es un municipio y localidad española de la provincia de Segovia, en la comunidad autónoma de Castilla y León. Cuenta con una población de 35 habitantes (INE 2024).La iglesia de San Mamés es un edificio religioso situado en el municipio español de Cilleruelo de San Mamés,[1]​ en la provincia de Segovia. Está declarado como bien de interés cultural desde 1994.[2]​[3]​[4]​[5]​",¿Dónde está ubicado Cilleruelo de San Mamés?
41,[-0.01857  0.00502 -0.03955 ...  0.02055 -0.0558   0.01093],"Frank Ullrich (Trusetal, 24 de enero de 1958) es un político y deportista alemán que compitió por la RDA en biatlón.[1]​
Participó en tres Juegos Olímpicos de Invierno, obteniendo en total cuatro medallas: oro y dos platas en Lake Placid 1980 y bronce en Innsbruck 1976.[1]​ Ganó catorce medallas en el Campeonato Mundial de Biatlón entre los años 1977 y 1983.[2]​
Después de retirarse de la competición, trabajó como entrenador de los equipos nacionales de biatlón de la RDA (1987-1991) y de Alemania (1991-2010), y de la selección de esquí de fondo de Alemania (2012-2015). Posteriormente, se dedicó a la política, en 2021 fue elegido diputado por el partido SPD en el Parlamento Federal.[3]​Antje Harvey (nacida como Antje Misersky, Magdeburgo, 10 de mayo de 1967) es una deportista alemana que compitió en esquí de fondo y biatlón.
Como biatleta participó en dos Juegos Olímpicos de Invierno, obteniendo en total cuatro medallas: oro y dos platas en Albertville 1992 y una plata en Lillehammer 1994.[1]​
Ganó dos medallas en el Campeonato Mundial de Biatlón, oro en 1995 y bronce en 1991.[2]​ En esquí de fondo obtuvo una medalla de bronce en el Campeonato Mundial de Esquí Nórdico de 1985, en la prueba de relevo.[3]​",¿ Cuántas medallas de oro obtuvo Alemania en el campeonato mundial de biatlón de 1991?
42,[-0.02101   0.006306  0.00603  ...  0.03085   0.036     0.04062 ],"El Hamilton Academical Football Club es un club de fútbol de Escocia, con sede en Hamilton. Fue fundado en 1874 y compite en el Scottish Championship, segunda categoría del fútbol escocés.La Scottish Challenge Cup (por razones de patrocinio Petrofac Training Cup) es una competición de fútbol de Escocia en la que participan equipos de la Scottish Premiership, Primera, Segunda, Tercera División, más los campeones de la Highland Football League.
La competición se celebró por primera vez durante la temporada 1990-91, como la Copa Centenario B & Q, para celebrar el 100° aniversario de la formación de la Liga escocesa de fútbol. El primer ganador del torneo fue Dundee FC, que venció en la final al Ayr United. Falkirk es el equipo más exitoso en el torneo, con cuatro victorias, la última en 2012.",¿Cuántas veces ha participado el equipo escocés de football Hamilton Academical Football Club en el torneo Scottish Challenge Cup?
43,[-0.05493 -0.03111 -0.04202 ... -0.01137  0.01958 -0.01631],"La epidemiología es una disciplina científica en el área de la salud pública, no solamente la medicina,  que estudia la distribución, frecuencia, magnitud y factores determinantes de las enfermedades existentes en poblaciones humanas definidas. Rich la describió en 1979 como la ciencia que estudia la dinámica de salud en las poblaciones; por lo tanto involucra el análisis e interpretación de las personas que también están sanas.. El profesional especializado en epidemiología se llama epidemiólogo.[1]​La epidemiología ocupacional es una subdisciplina de la epidemiología que se centra en las investigaciones de los trabajadores y el lugar de trabajo.[1]​[2]​ Los estudios epidemiológicos ocupacionales examinan los resultados de salud entre los trabajadores y su posible asociación con las condiciones en el lugar de trabajo, incluidos el ruido, los productos químicos, el calor o la radiación, o la organización del trabajo, como los horarios.
La necesidad de evidencia para informar las regulaciones de seguridad ocupacional, los programas de compensación laboral y la legislación de seguridad motivó el desarrollo de políticas de salud pública, métodos de epidemiología ocupacional y mecanismos de vigilancia.[3]​ La investigación epidemiológica ocupacional puede informar las evaluaciones de riesgos; desarrollo de estándares y otras actividades de gestión de riesgos; y estimaciones de los co-beneficios y co-daños de las políticas diseñadas para reducir los factores de riesgo o las condiciones que pueden afectar la salud humana. Los métodos de epidemiología ocupacional son comunes a los métodos utilizados en epidemiología ambiental.[4]​",¿Para qué se usa un estudio de casos y controles en epidemiología?
44,[-0.02983  -0.006413 -0.0368   ... -0.006413 -0.02654   0.001999],,"¿Quién escribó la novela italiana ""Il passato è una terra straniera"" cuyo título en espanol es ""El pasado es un país extranjero""?"
45,[-0.02983  -0.006413 -0.0368   ... -0.006413 -0.02654   0.001999],,¿Cuál es el único continente en el que habitan los corvinos negros (Corcorax melanorhamphos)?
46,[ 0.005333 -0.02092   0.00783  ...  0.01857  -0.005753  0.02682 ],"Valrico es un lugar designado por el censo ubicado en Hillsborough, en el estado estadounidense de Florida. Según el censo de 2020, tiene una población de 37.895 habitantes.[2]​El condado de Hillsborough es un condado ubicado en el estado de Florida. En 2000, su población era de 998 948 habitantes. Su sede está en Tampa.
El Condado de Hillsborough cobra una tasa de 1% a las ventas que se añade al 4% de la tasa del estado de Florida.",¿En dónde está ubicado Valrico?
47,[ 0.00313  -0.03955  -0.04904  ...  0.0387    0.003841 -0.01805 ],"General Pinedo es una localidad y municipio argentino ubicada en el sudoeste de la provincia del Chaco en el departamento Doce de Octubre del que es cabecera.
Fue creada el 25 de mayo de 1912; institucionalmente tiene categoría segunda y no posee Carta Orgánica. Según el censo argentino de 2001 la población urbana alcanza los 15 741 habitantes, de los cuales 11 332 habitan en el ejido del pueblo. El censo de 2010 contabilizó 22 225 habitantes, 6484 más que en 2001.
Dentro del ejido municipal se hallan las localidades de Mesón de Fierro y Pampa Landriel.La Asociación Civil Club Atlético Unión es una institución deportiva de General Pinedo, provincia del Chaco, Argentina. Está ubicada en el centro de la ciudad, en calle 8 entre 1 y 3, y fue fundada el 15 de febrero de 1921, a partir de la fusión de los equipos Unión y Matienzo, motivo por el que en sus inicios se lo conoció como Unión Matienzo. El club forma parte de la Liga del Sudoeste,[2]​ donde disputa partidos oficiales de fútbol.
En 1984 participó del Torneo Nacional de fútbol, en el cual enfrentó en dos oportunidades a San Lorenzo, ante el que logró un histórico empate en condición de visitante en el estadio de Atlanta;[3]​[4]​[5]​ los partidos de local sin embargo los disputaba en el estadio de Chaco For Ever, en Resistencia, a 300 km de su sede.
Tras esa participación inició un declive que llegó hasta su desafiliación de la liga regional de fútbol. En 2013 se inició un proceso de reorganización de la institución.",¿En qué provincia de Argentina se encuentra la ciudad de General Pinedo?
48,[-0.003897 -0.00278  -0.053    ... -0.01147   0.012825  0.01782 ],"Los asesinatos en masa de Nizhn Taguil se refieren a una fosa común descubierta a comienzos de 2007, cerca de la ciudad de Nizhni Taguil en el Óblast de Sverdlovsk, en Rusia. La tumba contenía los restos confirmados de 15 jóvenes mujeres y niñas, quienes tenía entre 13 y 25 años, y algunas que llegaban a los 30 años, quienes fueron asesinadas por una pandilla de proxenetas entre 2002 y 2005.",¿En qué cadena montañosa esta localizada la ciudad de Nizhni Taguil?
49,[-0.04654  -0.03445   0.002449 ... -0.01692  -0.005398  0.02438 ],"Lewistown es una ciudad ubicada en el condado de Fulton en el estado estadounidense de Illinois. En el Censo de 2010 tenía una población de 2384 habitantes y una densidad poblacional de 460,23 personas por km².[3]​Lewistown es un pueblo ubicado en el condado de Lewis en el estado estadounidense de Misuri. En el Censo de 2010 tenía una población de 534 habitantes y una densidad poblacional de 429,54 personas por km².[3]​",¿En qué estado de Estados Unidos se encuentra Lewistown?
